baseline,baseline_context_length,baseline_mae,baseline_mase,baseline_mode,baseline_season_length,context_length,dataset,domain,empirical_coverage_90,excess_variance,failure_delta_005,flatness_score,forecast_variance_ratio,full_context_length,horizon,mae,mase,model,origin,over_smoothing,prediction_amplitude_ratio,regime,relative_error_ratio,rmse,run_id,series_id,spike_recall,window_index
auto_ets,182,119.97373650667669,0.6748578176676322,auto_ets,1,182,covid_deaths/D/short,Healthcare,1.0,0,0,0.0,39.47755631409915,182,30,102.4998779296875,0.5765665548557625,moirai_1_1_small,182,0,4.747053723456825,medium_snr_persistent,0.854352635120124,125.640792230843,moirai_1_1_small_scaling_covid_deaths_d_short_auto_ets_oral_sidecar_rerun_1783618827,T1,0.0,0
auto_ets,182,23.571151035411745,1.5117362689377027,auto_ets,1,182,covid_deaths/D/short,Healthcare,0.5666666666666667,1,1,0.0,21.434354406155332,182,30,38.727333068847656,2.483778323402728,moirai_1_1_small,182,0,1.4084794319278684,medium_snr_persistent,1.6429971116244864,44.54886033642982,moirai_1_1_small_scaling_covid_deaths_d_short_auto_ets_oral_sidecar_rerun_1783618827,T2,0.0,0
auto_ets,182,9.023695024118023,0.04718921226401749,auto_ets,1,182,covid_deaths/D/short,Healthcare,0.9333333333333333,1,1,0.0,112.88286915635999,182,30,47.979679361979166,0.2509086652109267,moirai_1_1_small,182,0,1.323676757812372,medium_snr_persistent,5.317076788802865,57.030111413685894,moirai_1_1_small_scaling_covid_deaths_d_short_auto_ets_oral_sidecar_rerun_1783618827,T3,0.0,0
auto_ets,182,0.2999868891399698,0.02922949176235318,auto_ets,1,182,covid_deaths/D/short,Healthcare,1.0,1,1,0.0,13.030610873394787,182,30,0.41959012349446617,0.04088314023791836,moirai_1_1_small,182,0,15.278112411055957,medium_snr_persistent,1.3986948719525287,0.5753874743588437,moirai_1_1_small_scaling_covid_deaths_d_short_auto_ets_oral_sidecar_rerun_1783618827,T4,0.3333333333333333,0
auto_ets,182,24.364544754281447,6.26634653578651,auto_ets,1,182,covid_deaths/D/short,Healthcare,0.0,1,1,0.06550084749902763,3.149424634373221,182,30,32.21635672251384,8.285763488698551,moirai_1_1_small,182,0,0.9344991525009724,medium_snr_persistent,1.3222638488597787,36.763185818303725,moirai_1_1_small_scaling_covid_deaths_d_short_auto_ets_oral_sidecar_rerun_1783618827,T5,0.0,0
auto_ets,182,0.0,0.0,auto_ets,1,182,covid_deaths/D/short,Healthcare,1.0,1,1,0.0,418892285.6833488,182,30,0.03335463603337606,0.05633227418960666,moirai_1_1_small,182,0,17614159090.76559,medium_snr_persistent,33354636033.37606,0.03794612250397867,moirai_1_1_small_scaling_covid_deaths_d_short_auto_ets_oral_sidecar_rerun_1783618827,T6,0.0,0
auto_ets,182,657.3462976743956,2.023382216773816,auto_ets,1,182,covid_deaths/D/short,Healthcare,0.06666666666666667,1,1,0.1899309670479188,5.803825867193673,182,30,1333.3902180989583,4.1043177163492235,moirai_1_1_small,182,0,0.8100690329520812,medium_snr_persistent,2.028444098363853,1590.1346427967421,moirai_1_1_small_scaling_covid_deaths_d_short_auto_ets_oral_sidecar_rerun_1783618827,T7,0.3333333333333333,0
auto_ets,182,64.84442189770729,0.6455984887961886,auto_ets,1,182,covid_deaths/D/short,Healthcare,1.0,0,0,0.0,74.80976361469592,182,30,33.11572265625,0.3297039263607749,moirai_1_1_small,182,0,3.586186469355058,medium_snr_persistent,0.5106950094873213,43.63364426349768,moirai_1_1_small_scaling_covid_deaths_d_short_auto_ets_oral_sidecar_rerun_1783618827,T8,0.0,0
